{"epochs_per_step": 20, "w": [0.0, 6.183851878688781, 0.04191724905993144, -1.5057046383017687, 0.22686969377627175, 2.8027649020892573, 2.193432350823975, 1.464984754668412, 8.659107557962795, 1.0064810070132675, 0.06349417115236111]}