{"epochs_per_step": 50, "w": [0.0, 3.881581249015114, 1.0422346589278932, -1.1471274014126112, -1.703519154641107, 2.859169425466596, 2.029297031511372, 3.844367357777289, 9.122874624397054, 1.2614753916431762, 1.7591593260785927], "epochs": 5000}