{"epochs_per_step": 2000, "learning_rate": 2.6999999999999997, "regularization": 0.0005, "loss_func": "logistic", "w": [-0.9274250472412808, 0.0, 1.1188821738542376, 0.2758107382457664, 0.09369353779868674, -0.9000315859751767, 0.7469818718408472, -0.5457074532973502, 1.8871333055587827, 6.114473998551593, 1.7530594821588488, 0.2440675981470625, 0.0, 0.0, 0.0, 0.0, 0.0, 0.0, 0.0, 0.0, 0.0, 0.0, 0.0, -0.2670308854314183, 0.8796893532193806, 0.025970788406621644, -0.4370386884468939, -0.062214416363338666, -0.17234286342893304, 0.13850294177554656, 4.489466889374668, -0.1311009992574849, 0.20854030564321566, 1.087596723433863, -0.6097229521900903, 0.6155845120392914, -0.13153920176656664, -0.1051603699759406, 0.19581682247193832, 0.42120723603883786, 14.825302502102081, -0.3559733333170137, -0.10470063378971338, -0.14397937799994914, -0.1759714096151018, -0.002775293520055764, 0.10040921435894001, -0.2704639929389148, 0.024690908183679677, -0.09909786489003075, -0.0983109856195237, 0.13555182909634875, -0.20244923757376793, 0.1793746951920057, -3.5942471199420485, -0.10739137574670932, 0.005383676506042023, 0.03536393513063463, -0.3205571449827895, 0.15967283085185013, 0.1987260915430876, -0.00723225573994644, 0.10422844108229032, -0.02977833390844386, 0.1194586813873728, 0.3020044309255588, -0.02655533638475999, -0.05865879702947689, 0.08513381557300147, 0.22946726895572106, 0.23107668184615304, -0.10120575303819457, -0.23087961928411152, 0.797357807768218, -0.5234883334417612, 0.7387429929766739, -0.07364850089744046, 0.07233772114717545], "iter_count": 200000}