{"epochs_per_step": 2000, "learning_rate": 2.1, "regularization": 0.0008, "loss_func": "hinge", "w": [-0.6446419141909262, 0.0, 0.8335917269995569, 0.24463202536312803, 0.0932991785342933, -0.6867285118202355, 0.5382403129301275, -0.3500480077365225, 1.3710059514083324, 4.467132629350464, 1.2855073656807117, 0.15119213316312252, 0.0, 0.0, 0.0, 0.0, 0.0, 0.0, 0.0, 0.0, 0.0, 0.0, 0.0, -0.19082025397115268, 0.7506891105848722, 0.07813932382536924, -0.3918752740555708, -0.0249887484997624, -0.13170782160100888, 0.15301031765336717, 3.3209352362163598, -0.10453319248215268, 0.21455710749625645, 0.794859152363419, -0.42378779035764585, 0.3771099285112249, -0.10495112312537254, -0.13340431503982533, 0.20489249128420534, 0.3723951022460625, 10.526763175644604, -0.1867082119678084, -0.0778199555651351, -0.07242553550183026, -0.09894641436903907, 0.030713255345322522, 0.04149589990522302, -0.20925052374180975, -0.0002785517931288117, -0.09443458373643952, -0.07380749298306614, 0.10938981293092158, -0.15312471378223946, 0.09940803586613631, -2.5245881097164147, -0.11661212039425026, 0.06267010923743245, 0.027619719543569954, -0.15480598302851956, 0.1459715499751039, 0.14978345260445505, -0.022582892144975948, 0.019659317367228143, -0.02867859897564897, 0.09134859001863357, 0.22860572179401528, -0.007343334885039492, -0.030494965234857913, 0.058065754964790724, -0.012100955585689781, 0.1930507604475848, -0.13414759996531564, -0.21480477216533073, 0.5701995700782742, -0.4231308008776893, 0.5919071610855662, -0.10173106349751439, 0.05740131084334578], "iter_count": 150000}