{"epochs_per_step": 2000, "learning_rate": 2.6999999999999997, "regularization": 0.0005, "loss_func": "logistic", "w": [-0.9532674886741853, 0.0, 1.1382510619081134, 0.2224721544708734, 0.18072108588548352, -0.8791140804352361, 0.7357901683355351, -0.23803772548139235, 1.8408078390435976, 6.008027805205576, 1.7333965489059142, 0.04483141075610505, 0.0, 0.0, 0.0, 0.0, 0.0, 0.0, 0.0, 0.0, 0.0, 0.0, 0.0, -0.2871339681258972, 0.7925150035628364, -0.01877879386064427, -0.46224921346888864, -0.07092769380161165, 0.14758948037419298, 0.0005255808293699926, 4.523006961999031, -0.10634007597204785, -0.15335548699763166, 1.1000273649364043, -0.3465428653035461, 0.6540168973260022, -0.17670928237738526, 0.12840079510777666, 0.14780896908037752, 0.20338962496680024, 14.69433998645514, -0.283149616543552, -0.0354549981580507, -0.11430922664197254, -0.24352800877871283, 0.09713463259456556, -0.030512370194096625, -0.3918400609565878, 0.144892121139072, -0.07722348834293706, -0.09411132860798871, 0.09942937168461312, -0.05131857701594175, 0.15066063363533772, -3.6593599551480636, -0.01196119316799638, -0.1316963344445803, 0.03967161069300584, -0.31897863213816047, 0.11664691530002863, 0.22396525138820364, -0.03220298049757741, 0.036468545425853774, 0.01688586060504183, -0.14321447323930692, 0.0502493836115569, 0.06607853778685452, -0.044668735461367536, 0.06719847076548867, 0.22026523899166373, 0.3807822394086672, 0.05264831657140882, 0.10704437257554551, 0.6521863454448136, -0.4136678852615746, 0.635285058620601, -0.07456930335075515, 0.06260933980613877], "iter_count": 200000}