{"epochs_per_step": 100, "w": [-34.0, 54.78297538128064, 5.101691713766547, -1.0684350845938397, -53.81738191888399, 43.386925743756805, -17.249737727150965, 95.04502284403452, 361.75710315084206, 117.79206954601848, 2.33815165963432, -8.143630426412939, 20.63173243072922, -11.682773729041182, -39.46042127788876, 1.6791355615063157, -17.08832519126419, 7.273294763943467, 308.18459281346344, -11.550596796156574, 1.4929611459034957, 25.54625243295379, -61.79220470113828, 33.96065755015493, -1.8864830533689996, -37.97624674992213, -7.263174819134605, 31.836005535380465, 1035.5418070633389, -30.25264064193529, -3.901159561894556, -7.944002456316278, -16.128648804067673, 6.264290137365184, 22.344986307844678, 10.723951149472473, 12.957819948694052, -8.373423727867225, 0.8045432453152208, 12.812397980340139, -6.895907509773359, 12.493845764967059, -231.07870892775543, 23.781400044467407, -2.7214579863614206, -8.724875301525824, -6.388456213496468, 4.360552662020851, 10.949956564433663, -3.5187694366635185, -2.487242885903222, 42.038527887304404, 22.00798645633425, 80.47747367820624, 13.520616000668388, -70.44898669280428, 8.72209919790211, 9.65630778273241, 8.168110219763989, -5.1417910108759886, -4.755766684141622, 17.931093268275387, -70.28512919890353, 9.611366970345017, -9.79893181506925, 32.29956380448066], "epochs": 10000}