{"epochs_per_step": 2000, "learning_rate": 2.6999999999999997, "regularization": 0.0008, "loss_func": "hinge", "w": [-0.6866453749561212, 0.0, 0.8744526545023649, 0.23450096647104043, 0.09667652736467228, -0.715524957457624, 0.5671904857351804, -0.3561702018914855, 1.4691583983045584, 4.7236584132761354, 1.3695144361521885, 0.14752050015424967, 0.0, 0.0, 0.0, 0.0, 0.0, 0.0, 0.0, 0.0, 0.0, 0.0, 0.0, -0.1994404615443694, 0.7319056788993527, 0.050527022847990676, -0.3787721637498981, -0.017322685759478935, -0.10799735204959202, 0.16374186345123573, 3.48175119640809, -0.06916202075902288, 0.17190633281433376, 0.864586455498256, -0.4683660833667252, 0.4064550852939646, -0.12370490296092601, -0.07044173043000984, 0.22831798474898884, 0.37400255608856725, 11.189975979831381, -0.29782657936604773, -0.059287614024940295, -0.09806260930198187, -0.12944817333612796, 0.05178929099624189, 0.08193935068858046, -0.24753494537837933, 0.03853754787162712, -0.06842489096672795, -0.08632713022445253, 0.1260843391168186, -0.17201230465177034, 0.11972718877186235, -2.6998103077396856, -0.1244706971120423, 0.039583379872060925, 0.02514582966743324, -0.21042251449437632, 0.1527086193330111, 0.17217877555488148, -0.0437924605796152, 0.04268269161884278, -0.02641789022805417, 0.11508377325243345, 0.25086687556928533, -0.008519866317977564, -0.006897239990578929, 0.04546232689628405, 0.007621191841161447, 0.17653110661494706, -0.11306153939365744, -0.20042995808816472, 0.6208753719456854, -0.478424331268028, 0.617864745623823, -0.0731269440338732, 0.05983590430091315], "iter_count": 150000}