{"epochs_per_step": 50, "learning_rate": 2.0, "regularization": 0.002, "loss_func": "hinge", "w": [0.0, 0.4327168204665143, -0.17055322978567217, -0.11449756950537342, -0.46834422670146947, 0.2817527429154076, -0.523454534566932, 0.797102717984765, 1.893250535877461, 0.26942033111449687, 0.2233351233173322], "iter_count": 10000}