{"epochs_per_step": 50, "learning_rate": 0.5, "regularization": 0.003, "loss_func": "hinge", "w": [0.0, 0.36579288690534745, -0.09291007838029496, 0.043459106559038514, -0.42876106367906874, 0.24930087088106445, -0.22906477925355664, 0.805146621652885, 1.5972847953836844, 0.26439808473811893, 0.09788759257251549], "iter_count": 10000}