{"epochs_per_step": 50, "learning_rate": 100, "regularization": 0.0005, "loss_func": "logistic", "w": [0.0, 4.047658306338141, -1.8959843024098855, 0.4148940486028762, -4.147370950462934, 2.6993244931027696, -2.498967778748916, 8.44304367496499, 15.51877333705289, 2.6608624302871755, 1.227136482663777], "iter_count": 10000}