{"epochs_per_step": 50, "learning_rate": 30, "regularization": 0.0015, "loss_func": "logistic", "w": [0.0, 1.1598614465527133, -0.4252491404875982, 0.15792521884643296, -1.3434952395106274, 0.7215344974180969, -0.23071270216059772, 2.1427743805542465, 4.924532383743302, 0.4136430577404554, -0.11949350242697528], "iter_count": 15000}