{"train_err": [0.0, 0.0, 0.08042857142857143, 0.08371428571428571, 0.075, 0.08985714285714286, 0.22357142857142856, 0.40285714285714286, 0.3322857142857143, 0.32985714285714285], "test_err": [0.49566666666666664, 0.49266666666666664, 0.26466666666666666, 0.25933333333333336, 0.22166666666666668, 0.124, 0.215, 0.4043333333333333, 0.326, 0.323], "gamma": [1e-05, 0.0001, 0.001, 0.01, 0.1, 1, 10, 100, 1000, 10000]}