{"train_err": [0.13071428571428573, 0.15528571428571428, 0.10385714285714286, 0.08328571428571428, 0.09585714285714286, 0.060142857142857144], "test_err": [0.12833333333333333, 0.153, 0.12433333333333334, 0.088, 0.105, 0.07766666666666666], "epochs": [2, 4, 6, 8, 10, 12, 14, 16, 18, 20]}