{"train_errs": [0.19285714285714287, 0.26071428571428573, 0.14285714285714285, 0.24342857142857144, 0.15642857142857142, 0.20457142857142857, 0.12385714285714286, 0.196, 0.16057142857142856, 0.2042857142857143, 0.17142857142857143, 0.21642857142857144, 0.23914285714285713, 0.24357142857142858], "test_errs": [0.20066666666666666, 0.25933333333333336, 0.15366666666666667, 0.24233333333333335, 0.16233333333333333, 0.215, 0.14966666666666667, 0.211, 0.186, 0.22166666666666668, 0.18933333333333333, 0.244, 0.25333333333333335, 0.262]}