{"train_err": [0.36328571428571427, 0.38142857142857145, 0.32142857142857145, 0.3344285714285714, 0.3502857142857143, 0.2904285714285714, 0.33814285714285713, 0.3547142857142857, 0.2975714285714286, 0.31442857142857145, 0.35328571428571426, 0.3615714285714286, 0.34014285714285714, 0.32685714285714285, 0.35514285714285715, 0.31142857142857144, 0.30542857142857144, 0.30042857142857143, 0.3677142857142857, 0.31157142857142855, 0.34414285714285714, 0.3537142857142857, 0.384, 0.33714285714285713, 0.3598571428571429, 0.3567142857142857, 0.33685714285714285, 0.3492857142857143, 0.30714285714285716, 0.41014285714285714, 0.3422857142857143, 0.3057142857142857, 0.37457142857142856, 0.3457142857142857, 0.35514285714285715, 0.36, 0.3424285714285714, 0.3454285714285714, 0.33885714285714286, 0.3901428571428571, 0.352, 0.3487142857142857, 0.309, 0.37085714285714283, 0.41085714285714287, 0.39914285714285713, 0.33585714285714285, 0.357, 0.348, 0.35328571428571426, 0.37842857142857145, 0.354, 0.39371428571428574, 0.362, 0.3427142857142857, 0.3282857142857143, 0.3442857142857143, 0.33371428571428574, 0.33471428571428574, 0.41414285714285715, 0.28685714285714287, 0.343, 0.3598571428571429, 0.3435714285714286, 0.31014285714285716, 0.30942857142857144, 0.3252857142857143, 0.38085714285714284, 0.36428571428571427, 0.3047142857142857, 0.33214285714285713, 0.3707142857142857, 0.42228571428571426, 0.357, 0.3304285714285714, 0.4082857142857143, 0.419, 0.357, 0.3167142857142857, 0.341, 0.31485714285714284, 0.356, 0.32257142857142856, 0.33071428571428574, 0.33614285714285713, 0.36028571428571426, 0.323, 0.355, 0.35314285714285715, 0.33485714285714285, 0.3485714285714286, 0.34, 0.354, 0.331, 0.31314285714285717, 0.3544285714285714, 0.3555714285714286, 0.345, 0.34214285714285714, 0.4], "test_err": [0.36433333333333334, 0.38466666666666666, 0.318, 0.33466666666666667, 0.3536666666666667, 0.301, 0.3403333333333333, 0.3606666666666667, 0.309, 0.312, 0.355, 0.36, 0.339, 0.31866666666666665, 0.3556666666666667, 0.317, 0.309, 0.30433333333333334, 0.37133333333333335, 0.31033333333333335, 0.345, 0.351, 0.383, 0.3393333333333333, 0.359, 0.35, 0.339, 0.3526666666666667, 0.31133333333333335, 0.41233333333333333, 0.3433333333333333, 0.31166666666666665, 0.374, 0.336, 0.356, 0.3556666666666667, 0.3446666666666667, 0.3473333333333333, 0.34, 0.39666666666666667, 0.352, 0.3416666666666667, 0.31566666666666665, 0.36666666666666664, 0.4116666666666667, 0.40066666666666667, 0.33366666666666667, 0.3496666666666667, 0.35, 0.349, 0.378, 0.3516666666666667, 0.4, 0.363, 0.3373333333333333, 0.3233333333333333, 0.3383333333333333, 0.3363333333333333, 0.336, 0.4126666666666667, 0.30033333333333334, 0.335, 0.3546666666666667, 0.3446666666666667, 0.313, 0.31333333333333335, 0.32, 0.37733333333333335, 0.354, 0.30633333333333335, 0.32566666666666666, 0.37633333333333335, 0.418, 0.36533333333333334, 0.33166666666666667, 0.407, 0.41933333333333334, 0.36033333333333334, 0.312, 0.334, 0.31366666666666665, 0.35333333333333333, 0.32066666666666666, 0.32266666666666666, 0.328, 0.37133333333333335, 0.32266666666666666, 0.35333333333333333, 0.354, 0.337, 0.3556666666666667, 0.3406666666666667, 0.353, 0.33166666666666667, 0.32066666666666666, 0.35, 0.3496666666666667, 0.3396666666666667, 0.34, 0.3953333333333333], "epochs": [50, 100, 150, 200, 250, 300, 350, 400, 450, 500, 550, 600, 650, 700, 750, 800, 850, 900, 950, 1000, 1050, 1100, 1150, 1200, 1250, 1300, 1350, 1400, 1450, 1500, 1550, 1600, 1650, 1700, 1750, 1800, 1850, 1900, 1950, 2000, 2050, 2100, 2150, 2200, 2250, 2300, 2350, 2400, 2450, 2500, 2550, 2600, 2650, 2700, 2750, 2800, 2850, 2900, 2950, 3000, 3050, 3100, 3150, 3200, 3250, 3300, 3350, 3400, 3450, 3500, 3550, 3600, 3650, 3700, 3750, 3800, 3850, 3900, 3950, 4000, 4050, 4100, 4150, 4200, 4250, 4300, 4350, 4400, 4450, 4500, 4550, 4600, 4650, 4700, 4750, 4800, 4850, 4900, 4950, 5000]}