{"train_err": [0.15, 0.14414285714285716, 0.11028571428571429, 0.10328571428571429, 0.08585714285714285, 0.07271428571428572, 0.10157142857142858, 0.05814285714285714, 0.07885714285714286, 0.06971428571428571], "test_err": [0.15466666666666667, 0.15766666666666668, 0.11966666666666667, 0.127, 0.097, 0.09433333333333334, 0.11733333333333333, 0.07633333333333334, 0.096, 0.089], "epochs": [2, 4, 6, 8, 10, 12, 14, 16, 18, 20]}