{"train_err": [0.36514285714285716, 0.33414285714285713, 0.35385714285714287, 0.3598571428571429, 0.38142857142857145, 0.3512857142857143, 0.29228571428571426, 0.3354285714285714, 0.41114285714285714, 0.3344285714285714, 0.3355714285714286, 0.39914285714285713, 0.2925714285714286, 0.31485714285714284, 0.2904285714285714, 0.34114285714285714, 0.395, 0.36442857142857144, 0.35085714285714287, 0.3547142857142857, 0.36514285714285716, 0.3377142857142857, 0.34185714285714286, 0.32242857142857145, 0.31442857142857145, 0.3517142857142857, 0.3637142857142857, 0.33271428571428574, 0.34114285714285714, 0.3615714285714286, 0.3842857142857143, 0.348, 0.3455714285714286, 0.32571428571428573, 0.32685714285714285, 0.38957142857142857, 0.38657142857142857, 0.32885714285714285, 0.36314285714285716, 0.31142857142857144, 0.33585714285714285, 0.3402857142857143, 0.36942857142857144, 0.4004285714285714, 0.30042857142857143, 0.37285714285714283, 0.405, 0.3412857142857143, 0.3568571428571429, 0.31157142857142855, 0.3464285714285714, 0.3068571428571429, 0.3554285714285714, 0.3444285714285714, 0.3537142857142857, 0.30757142857142855, 0.36814285714285716, 0.3485714285714286, 0.4258571428571429, 0.33714285714285713, 0.30214285714285716, 0.35914285714285715, 0.3502857142857143, 0.32871428571428574, 0.3567142857142857, 0.3557142857142857, 0.354, 0.356, 0.3477142857142857, 0.3492857142857143, 0.3274285714285714, 0.3881428571428571, 0.3535714285714286, 0.3525714285714286, 0.41014285714285714, 0.361, 0.33714285714285713, 0.3345714285714286, 0.36228571428571427, 0.3057142857142857, 0.2977142857142857, 0.3585714285714286, 0.33057142857142857, 0.36242857142857143, 0.3457142857142857, 0.3618571428571429, 0.3147142857142857, 0.3432857142857143, 0.3807142857142857, 0.36, 0.2968571428571429, 0.3142857142857143, 0.4042857142857143, 0.4104285714285714, 0.3454285714285714, 0.3452857142857143, 0.32957142857142857, 0.3322857142857143, 0.37342857142857144, 0.3901428571428571], "test_err": [0.36333333333333334, 0.334, 0.35733333333333334, 0.3636666666666667, 0.38466666666666666, 0.3466666666666667, 0.293, 0.3273333333333333, 0.4106666666666667, 0.33466666666666667, 0.3363333333333333, 0.4043333333333333, 0.311, 0.31133333333333335, 0.301, 0.346, 0.4013333333333333, 0.36133333333333334, 0.342, 0.3606666666666667, 0.36766666666666664, 0.336, 0.338, 0.31433333333333335, 0.312, 0.353, 0.36733333333333335, 0.32466666666666666, 0.337, 0.36, 0.38766666666666666, 0.3423333333333333, 0.34, 0.32666666666666666, 0.31866666666666665, 0.39366666666666666, 0.38566666666666666, 0.33, 0.36866666666666664, 0.317, 0.3363333333333333, 0.3406666666666667, 0.36933333333333335, 0.4053333333333333, 0.30433333333333334, 0.36333333333333334, 0.402, 0.3406666666666667, 0.35733333333333334, 0.31033333333333335, 0.3463333333333333, 0.30433333333333334, 0.361, 0.3453333333333333, 0.351, 0.31233333333333335, 0.36966666666666664, 0.343, 0.43, 0.3393333333333333, 0.31133333333333335, 0.35233333333333333, 0.3433333333333333, 0.3243333333333333, 0.35, 0.352, 0.34833333333333333, 0.35333333333333333, 0.348, 0.3526666666666667, 0.32866666666666666, 0.38366666666666666, 0.348, 0.356, 0.41233333333333333, 0.35333333333333333, 0.331, 0.3293333333333333, 0.35933333333333334, 0.31166666666666665, 0.30633333333333335, 0.3546666666666667, 0.3303333333333333, 0.357, 0.336, 0.3596666666666667, 0.31766666666666665, 0.3426666666666667, 0.378, 0.3556666666666667, 0.2976666666666667, 0.31533333333333335, 0.4083333333333333, 0.412, 0.3473333333333333, 0.3403333333333333, 0.324, 0.326, 0.37, 0.39666666666666667], "epochs": [50, 100, 150, 200, 250, 300, 350, 400, 450, 500, 550, 600, 650, 700, 750, 800, 850, 900, 950, 1000, 1050, 1100, 1150, 1200, 1250, 1300, 1350, 1400, 1450, 1500, 1550, 1600, 1650, 1700, 1750, 1800, 1850, 1900, 1950, 2000, 2050, 2100, 2150, 2200, 2250, 2300, 2350, 2400, 2450, 2500, 2550, 2600, 2650, 2700, 2750, 2800, 2850, 2900, 2950, 3000, 3050, 3100, 3150, 3200, 3250, 3300, 3350, 3400, 3450, 3500, 3550, 3600, 3650, 3700, 3750, 3800, 3850, 3900, 3950, 4000, 4050, 4100, 4150, 4200, 4250, 4300, 4350, 4400, 4450, 4500, 4550, 4600, 4650, 4700, 4750, 4800, 4850, 4900, 4950, 5000]}