{"train_err": [0.19242857142857142, 0.15814285714285714, 0.1417142857142857, 0.124, 0.11371428571428571, 0.10514285714285715, 0.1, 0.09571428571428571, 0.09171428571428572, 0.08842857142857143, 0.08542857142857142, 0.083, 0.08128571428571428, 0.07957142857142857, 0.07714285714285714, 0.07757142857142857, 0.07628571428571429, 0.07528571428571429, 0.07471428571428572, 0.07342857142857143, 0.07271428571428572, 0.07228571428571429, 0.07085714285714285, 0.07085714285714285, 0.07014285714285715, 0.06957142857142858, 0.06885714285714285, 0.06871428571428571, 0.06842857142857142, 0.06814285714285714, 0.068, 0.06771428571428571, 0.06785714285714285, 0.06771428571428571, 0.06742857142857143, 0.06657142857142857, 0.066, 0.06542857142857143, 0.06514285714285714, 0.06442857142857143, 0.06471428571428571, 0.06442857142857143, 0.06428571428571428, 0.06371428571428571, 0.06371428571428571, 0.06385714285714286, 0.06371428571428571, 0.06328571428571429, 0.06314285714285714, 0.06328571428571429, 0.063, 0.063, 0.063, 0.063, 0.06242857142857143, 0.062285714285714285, 0.062142857142857146, 0.062285714285714285, 0.062285714285714285, 0.06271428571428571, 0.06271428571428571, 0.06242857142857143, 0.06242857142857143, 0.062285714285714285, 0.062285714285714285, 0.06242857142857143, 0.062, 0.06185714285714286, 0.061285714285714284, 0.061142857142857145, 0.061, 0.061142857142857145, 0.061, 0.06085714285714286, 0.06085714285714286], "test_err": [0.201, 0.16, 0.14433333333333334, 0.12933333333333333, 0.119, 0.109, 0.10433333333333333, 0.098, 0.095, 0.09066666666666667, 0.08633333333333333, 0.08466666666666667, 0.08233333333333333, 0.08166666666666667, 0.08033333333333334, 0.07833333333333334, 0.07633333333333334, 0.076, 0.07533333333333334, 0.07266666666666667, 0.07133333333333333, 0.072, 0.07, 0.069, 0.06833333333333333, 0.068, 0.067, 0.06533333333333333, 0.066, 0.06466666666666666, 0.065, 0.06533333333333333, 0.06466666666666666, 0.06433333333333334, 0.06433333333333334, 0.06433333333333334, 0.064, 0.06366666666666666, 0.06366666666666666, 0.06333333333333334, 0.06266666666666666, 0.06233333333333333, 0.06233333333333333, 0.062, 0.062, 0.06133333333333333, 0.06166666666666667, 0.06133333333333333, 0.060333333333333336, 0.06066666666666667, 0.06, 0.060333333333333336, 0.06, 0.06, 0.060333333333333336, 0.06, 0.06, 0.059333333333333335, 0.059, 0.059, 0.059333333333333335, 0.059666666666666666, 0.059333333333333335, 0.059333333333333335, 0.059333333333333335, 0.059, 0.059, 0.059, 0.059666666666666666, 0.059666666666666666, 0.059666666666666666, 0.059333333333333335, 0.059333333333333335, 0.059666666666666666, 0.059666666666666666], "epochs": [2000, 4000, 6000, 8000, 10000, 12000, 14000, 16000, 18000, 20000, 22000, 24000, 26000, 28000, 30000, 32000, 34000, 36000, 38000, 40000, 42000, 44000, 46000, 48000, 50000, 52000, 54000, 56000, 58000, 60000, 62000, 64000, 66000, 68000, 70000, 72000, 74000, 76000, 78000, 80000, 82000, 84000, 86000, 88000, 90000, 92000, 94000, 96000, 98000, 100000, 102000, 104000, 106000, 108000, 110000, 112000, 114000, 116000, 118000, 120000, 122000, 124000, 126000, 128000, 130000, 132000, 134000, 136000, 138000, 140000, 142000, 144000, 146000, 148000, 150000]}