{"train_err": [0.06042857142857143, 0.052, 0.08471428571428571, 0.07257142857142856, 0.05657142857142857, 0.05442857142857143, 0.07514285714285714, 0.07185714285714286, 0.066, 0.055142857142857146, 0.07657142857142857, 0.07885714285714286, 0.05557142857142857, 0.08557142857142858, 0.062142857142857146, 0.052571428571428575, 0.07842857142857143, 0.07357142857142857, 0.05857142857142857, 0.06328571428571429, 0.060714285714285714, 0.06442857142857143, 0.06342857142857143, 0.07942857142857143, 0.08528571428571428, 0.053714285714285714, 0.05857142857142857, 0.07985714285714286, 0.05971428571428571, 0.054285714285714284, 0.07485714285714286, 0.06042857142857143, 0.05871428571428571, 0.06557142857142857, 0.052571428571428575, 0.06142857142857143, 0.08714285714285715, 0.07242857142857143, 0.05942857142857143, 0.056428571428571425, 0.07528571428571429, 0.056285714285714286, 0.062285714285714285, 0.07671428571428572, 0.07257142857142856, 0.059571428571428574, 0.054142857142857145, 0.06028571428571428, 0.05557142857142857, 0.05128571428571429, 0.05785714285714286, 0.060571428571428575, 0.05671428571428572, 0.063, 0.06642857142857143, 0.08385714285714285, 0.07371428571428572, 0.05185714285714286, 0.07414285714285715, 0.07071428571428572, 0.06271428571428571, 0.07428571428571429, 0.059571428571428574, 0.056428571428571425, 0.05071428571428571, 0.05828571428571429, 0.051, 0.08714285714285715, 0.06371428571428571, 0.055285714285714285, 0.07671428571428572, 0.08128571428571428, 0.05171428571428571, 0.05657142857142857, 0.05714285714285714, 0.056285714285714286, 0.07371428571428572, 0.06757142857142857, 0.08028571428571428, 0.06571428571428571, 0.06557142857142857, 0.057428571428571426, 0.072, 0.05071428571428571, 0.052571428571428575, 0.06, 0.06771428571428571, 0.06885714285714285, 0.07385714285714286, 0.07057142857142858, 0.052, 0.05357142857142857, 0.07457142857142857, 0.055857142857142855, 0.05985714285714286, 0.05728571428571429, 0.078, 0.073, 0.05671428571428572, 0.05928571428571429], "test_err": [0.066, 0.058666666666666666, 0.08, 0.07333333333333333, 0.06233333333333333, 0.057666666666666665, 0.07866666666666666, 0.076, 0.06566666666666666, 0.059, 0.07566666666666666, 0.079, 0.061, 0.08533333333333333, 0.069, 0.05533333333333333, 0.082, 0.08066666666666666, 0.063, 0.06633333333333333, 0.06, 0.067, 0.06366666666666666, 0.07766666666666666, 0.08633333333333333, 0.059333333333333335, 0.058333333333333334, 0.08033333333333334, 0.06533333333333333, 0.057, 0.07866666666666666, 0.06333333333333334, 0.06333333333333334, 0.07266666666666667, 0.058666666666666666, 0.06433333333333334, 0.08733333333333333, 0.077, 0.061, 0.059, 0.07633333333333334, 0.058, 0.06266666666666666, 0.07533333333333334, 0.07433333333333333, 0.06433333333333334, 0.058666666666666666, 0.06866666666666667, 0.05433333333333333, 0.051, 0.059, 0.06766666666666667, 0.059666666666666666, 0.07033333333333333, 0.07366666666666667, 0.08766666666666667, 0.07333333333333333, 0.059666666666666666, 0.07533333333333334, 0.07566666666666666, 0.06466666666666666, 0.074, 0.06366666666666666, 0.06133333333333333, 0.05433333333333333, 0.061, 0.054, 0.08833333333333333, 0.06833333333333333, 0.058, 0.079, 0.082, 0.05466666666666667, 0.06366666666666666, 0.06, 0.05466666666666667, 0.07533333333333334, 0.06733333333333333, 0.083, 0.06533333333333333, 0.06833333333333333, 0.064, 0.07166666666666667, 0.05566666666666667, 0.056666666666666664, 0.061, 0.066, 0.075, 0.07533333333333334, 0.075, 0.056, 0.05733333333333333, 0.07533333333333334, 0.06166666666666667, 0.058333333333333334, 0.064, 0.08266666666666667, 0.074, 0.06066666666666667, 0.06066666666666667]}