{"train_err": [0.1977142857142857, 0.15671428571428572, 0.1337142857142857, 0.12, 0.111, 0.104, 0.09742857142857143, 0.09357142857142857, 0.09114285714285714, 0.08757142857142858, 0.08571428571428572, 0.08285714285714285, 0.08071428571428571, 0.07857142857142857, 0.078, 0.07728571428571429, 0.07557142857142857, 0.07414285714285715, 0.07342857142857143, 0.07257142857142856, 0.07114285714285715, 0.071, 0.07028571428571428, 0.07014285714285715, 0.06957142857142858, 0.06857142857142857, 0.06842857142857142, 0.06785714285714285, 0.068, 0.06714285714285714, 0.06714285714285714, 0.06714285714285714, 0.06642857142857143, 0.06642857142857143, 0.06628571428571428, 0.06571428571428571, 0.06571428571428571, 0.06571428571428571, 0.06528571428571428, 0.065, 0.064, 0.064, 0.06385714285714286, 0.06357142857142857, 0.06357142857142857, 0.06342857142857143, 0.06285714285714286, 0.06285714285714286, 0.063, 0.06285714285714286, 0.06271428571428571, 0.06257142857142857, 0.062285714285714285, 0.06257142857142857, 0.06257142857142857, 0.06271428571428571, 0.06285714285714286, 0.06285714285714286, 0.06257142857142857, 0.06257142857142857, 0.06257142857142857, 0.06242857142857143, 0.062285714285714285, 0.062142857142857146, 0.062, 0.06185714285714286, 0.06185714285714286, 0.061714285714285715, 0.06185714285714286, 0.06185714285714286, 0.06185714285714286, 0.061714285714285715, 0.06157142857142857, 0.06142857142857143, 0.06142857142857143, 0.061285714285714284, 0.06142857142857143, 0.061285714285714284, 0.061285714285714284, 0.061285714285714284, 0.061142857142857145, 0.061, 0.060571428571428575, 0.06042857142857143, 0.06042857142857143, 0.060571428571428575, 0.060571428571428575, 0.06042857142857143, 0.060571428571428575, 0.060714285714285714, 0.06085714285714286, 0.060714285714285714, 0.060571428571428575, 0.06042857142857143, 0.060571428571428575, 0.060571428571428575, 0.060571428571428575, 0.060571428571428575, 0.06042857142857143, 0.060571428571428575], "test_err": [0.203, 0.15533333333333332, 0.138, 0.128, 0.11633333333333333, 0.10933333333333334, 0.10166666666666667, 0.096, 0.093, 0.08833333333333333, 0.08533333333333333, 0.085, 0.082, 0.08033333333333334, 0.07766666666666666, 0.07633333333333334, 0.07466666666666667, 0.07366666666666667, 0.07266666666666667, 0.07133333333333333, 0.07033333333333333, 0.06866666666666667, 0.06866666666666667, 0.068, 0.06733333333333333, 0.06666666666666667, 0.06766666666666667, 0.06666666666666667, 0.06633333333333333, 0.06533333333333333, 0.065, 0.06433333333333334, 0.065, 0.065, 0.06466666666666666, 0.06366666666666666, 0.063, 0.063, 0.06266666666666666, 0.06266666666666666, 0.06266666666666666, 0.06266666666666666, 0.06233333333333333, 0.062, 0.06233333333333333, 0.062, 0.06166666666666667, 0.06166666666666667, 0.06133333333333333, 0.06133333333333333, 0.06133333333333333, 0.06133333333333333, 0.06133333333333333, 0.06133333333333333, 0.06133333333333333, 0.06166666666666667, 0.06133333333333333, 0.061, 0.061, 0.061, 0.061, 0.061, 0.060333333333333336, 0.060333333333333336, 0.060333333333333336, 0.060333333333333336, 0.060333333333333336, 0.06, 0.059666666666666666, 0.059666666666666666, 0.06, 0.060333333333333336, 0.060333333333333336, 0.06066666666666667, 0.061, 0.061, 0.061, 0.061, 0.06133333333333333, 0.06133333333333333, 0.06133333333333333, 0.061, 0.060333333333333336, 0.06066666666666667, 0.06066666666666667, 0.06066666666666667, 0.06066666666666667, 0.060333333333333336, 0.06066666666666667, 0.06066666666666667, 0.06066666666666667, 0.06066666666666667, 0.06066666666666667, 0.06066666666666667, 0.06066666666666667, 0.06066666666666667, 0.061, 0.06066666666666667, 0.06066666666666667, 0.06066666666666667], "epochs": [2000, 4000, 6000, 8000, 10000, 12000, 14000, 16000, 18000, 20000, 22000, 24000, 26000, 28000, 30000, 32000, 34000, 36000, 38000, 40000, 42000, 44000, 46000, 48000, 50000, 52000, 54000, 56000, 58000, 60000, 62000, 64000, 66000, 68000, 70000, 72000, 74000, 76000, 78000, 80000, 82000, 84000, 86000, 88000, 90000, 92000, 94000, 96000, 98000, 100000, 102000, 104000, 106000, 108000, 110000, 112000, 114000, 116000, 118000, 120000, 122000, 124000, 126000, 128000, 130000, 132000, 134000, 136000, 138000, 140000, 142000, 144000, 146000, 148000, 150000, 152000, 154000, 156000, 158000, 160000, 162000, 164000, 166000, 168000, 170000, 172000, 174000, 176000, 178000, 180000, 182000, 184000, 186000, 188000, 190000, 192000, 194000, 196000, 198000, 200000]}