{"train_err": [0.19985714285714284, 0.15771428571428572, 0.1377142857142857, 0.12128571428571429, 0.111, 0.10314285714285715, 0.09885714285714285, 0.09514285714285714, 0.09171428571428572, 0.08814285714285715, 0.08485714285714285, 0.083, 0.08185714285714285, 0.08042857142857143, 0.07928571428571428, 0.07771428571428571, 0.07685714285714286, 0.077, 0.07685714285714286, 0.07428571428571429, 0.07357142857142857, 0.07271428571428572, 0.07185714285714286, 0.07057142857142858, 0.07085714285714285, 0.07042857142857142, 0.06985714285714285, 0.06885714285714285, 0.06885714285714285, 0.06842857142857142, 0.06885714285714285, 0.068, 0.06771428571428571, 0.06714285714285714, 0.06642857142857143, 0.06614285714285714, 0.066, 0.06571428571428571, 0.06542857142857143, 0.06514285714285714, 0.06485714285714286, 0.06442857142857143, 0.06428571428571428, 0.06371428571428571, 0.06385714285714286, 0.06314285714285714, 0.06285714285714286, 0.06328571428571429, 0.06328571428571429, 0.06314285714285714, 0.063, 0.06314285714285714, 0.06314285714285714, 0.06271428571428571, 0.06257142857142857, 0.06242857142857143, 0.06257142857142857, 0.06285714285714286, 0.062285714285714285, 0.062285714285714285, 0.06185714285714286, 0.062, 0.062142857142857146, 0.061714285714285715, 0.06185714285714286, 0.06185714285714286, 0.062142857142857146, 0.062142857142857146, 0.06185714285714286, 0.06142857142857143, 0.06142857142857143, 0.061142857142857145, 0.061, 0.060714285714285714, 0.060571428571428575], "test_err": [0.208, 0.16266666666666665, 0.13933333333333334, 0.12733333333333333, 0.11866666666666667, 0.11233333333333333, 0.10633333333333334, 0.102, 0.097, 0.09366666666666666, 0.08933333333333333, 0.086, 0.083, 0.08166666666666667, 0.08166666666666667, 0.07933333333333334, 0.07766666666666666, 0.076, 0.07566666666666666, 0.07433333333333333, 0.07366666666666667, 0.073, 0.071, 0.07033333333333333, 0.06966666666666667, 0.06866666666666667, 0.06866666666666667, 0.068, 0.06733333333333333, 0.066, 0.06533333333333333, 0.065, 0.065, 0.064, 0.06333333333333334, 0.06233333333333333, 0.06233333333333333, 0.06233333333333333, 0.062, 0.06166666666666667, 0.06133333333333333, 0.062, 0.06166666666666667, 0.061, 0.061, 0.061, 0.061, 0.06066666666666667, 0.060333333333333336, 0.060333333333333336, 0.060333333333333336, 0.060333333333333336, 0.060333333333333336, 0.06066666666666667, 0.06066666666666667, 0.060333333333333336, 0.06, 0.06, 0.06, 0.06066666666666667, 0.06066666666666667, 0.060333333333333336, 0.06066666666666667, 0.060333333333333336, 0.060333333333333336, 0.060333333333333336, 0.06066666666666667, 0.06, 0.06, 0.059666666666666666, 0.059666666666666666, 0.059666666666666666, 0.059666666666666666, 0.059666666666666666, 0.059666666666666666], "epochs": [2000, 4000, 6000, 8000, 10000, 12000, 14000, 16000, 18000, 20000, 22000, 24000, 26000, 28000, 30000, 32000, 34000, 36000, 38000, 40000, 42000, 44000, 46000, 48000, 50000, 52000, 54000, 56000, 58000, 60000, 62000, 64000, 66000, 68000, 70000, 72000, 74000, 76000, 78000, 80000, 82000, 84000, 86000, 88000, 90000, 92000, 94000, 96000, 98000, 100000, 102000, 104000, 106000, 108000, 110000, 112000, 114000, 116000, 118000, 120000, 122000, 124000, 126000, 128000, 130000, 132000, 134000, 136000, 138000, 140000, 142000, 144000, 146000, 148000, 150000]}