{"train_err": [[0.5032857142857143, 0.503, 0.497, 0.4742857142857143, 0.49685714285714283, 0.503, 0.4521428571428571, 0.503, 0.2775714285714286, 0.49685714285714283, 0.28414285714285714, 0.42757142857142855, 0.2822857142857143, 0.493, 0.48014285714285715, 0.502, 0.4045714285714286, 0.37185714285714283, 0.469, 0.4582857142857143], [0.3311428571428571, 0.45485714285714285, 0.472, 0.4987142857142857, 0.44457142857142856, 0.32485714285714284, 0.49357142857142855, 0.503, 0.44857142857142857, 0.27914285714285714, 0.49257142857142855, 0.4747142857142857, 0.5025714285714286, 0.381, 0.34614285714285714, 0.29614285714285715, 0.3757142857142857, 0.2975714285714286, 0.42314285714285715, 0.43942857142857145], [0.36542857142857144, 0.4635714285714286, 0.4617142857142857, 0.29514285714285715, 0.48128571428571426, 0.3945714285714286, 0.3617142857142857, 0.35485714285714287, 0.43442857142857144, 0.2988571428571429, 0.44957142857142857, 0.33885714285714286, 0.36657142857142855, 0.38471428571428573, 0.28085714285714286, 0.422, 0.479, 0.3294285714285714, 0.4594285714285714, 0.3504285714285714], [0.2938571428571429, 0.503, 0.29414285714285715, 0.28814285714285715, 0.28114285714285714, 0.42242857142857143, 0.2702857142857143, 0.36757142857142855, 0.429, 0.4615714285714286, 0.49914285714285717, 0.4094285714285714, 0.37014285714285716, 0.49885714285714283, 0.49542857142857144, 0.2602857142857143, 0.36042857142857143, 0.279, 0.26285714285714284, 0.37857142857142856], [0.4804285714285714, 0.449, 0.4752857142857143, 0.4907142857142857, 0.304, 0.49242857142857144, 0.4047142857142857, 0.2915714285714286, 0.45085714285714285, 0.3152857142857143, 0.45485714285714285, 0.25785714285714284, 0.48828571428571427, 0.28385714285714286, 0.2552857142857143, 0.2634285714285714, 0.26357142857142857, 0.29814285714285715, 0.49857142857142855, 0.3782857142857143], [0.2825714285714286, 0.329, 0.41385714285714287, 0.268, 0.41485714285714287, 0.28185714285714286, 0.49857142857142855, 0.4112857142857143, 0.4997142857142857, 0.3995714285714286, 0.43557142857142855, 0.43442857142857144, 0.29514285714285715, 0.46085714285714285, 0.4647142857142857, 0.4544285714285714, 0.3048571428571429, 0.4665714285714286, 0.4765714285714286, 0.379]], "test_err": [[0.49533333333333335, 0.49566666666666664, 0.5043333333333333, 0.466, 0.5043333333333333, 0.49566666666666664, 0.457, 0.49566666666666664, 0.286, 0.4886666666666667, 0.295, 0.42633333333333334, 0.291, 0.486, 0.484, 0.49433333333333335, 0.403, 0.36466666666666664, 0.471, 0.45466666666666666], [0.345, 0.4513333333333333, 0.4766666666666667, 0.49166666666666664, 0.43866666666666665, 0.3273333333333333, 0.498, 0.49566666666666664, 0.44233333333333336, 0.286, 0.49566666666666664, 0.4656666666666667, 0.495, 0.37866666666666665, 0.3466666666666667, 0.303, 0.37866666666666665, 0.31033333333333335, 0.422, 0.434], [0.377, 0.45766666666666667, 0.4666666666666667, 0.30533333333333335, 0.485, 0.385, 0.35533333333333333, 0.36, 0.43066666666666664, 0.30966666666666665, 0.45266666666666666, 0.349, 0.37033333333333335, 0.38266666666666665, 0.2936666666666667, 0.4236666666666667, 0.482, 0.331, 0.4553333333333333, 0.349], [0.30766666666666664, 0.49566666666666664, 0.30266666666666664, 0.288, 0.2843333333333333, 0.41633333333333333, 0.2846666666666667, 0.37433333333333335, 0.42933333333333334, 0.4613333333333333, 0.49266666666666664, 0.4073333333333333, 0.371, 0.49266666666666664, 0.4886666666666667, 0.2776666666666667, 0.36566666666666664, 0.2816666666666667, 0.2793333333333333, 0.38], [0.4826666666666667, 0.44, 0.4693333333333333, 0.48733333333333334, 0.31, 0.48833333333333334, 0.403, 0.2966666666666667, 0.4523333333333333, 0.32033333333333336, 0.45066666666666666, 0.268, 0.48333333333333334, 0.285, 0.2713333333333333, 0.273, 0.28733333333333333, 0.308, 0.493, 0.379], [0.2866666666666667, 0.345, 0.41433333333333333, 0.2803333333333333, 0.41333333333333333, 0.29233333333333333, 0.492, 0.41533333333333333, 0.494, 0.4003333333333333, 0.432, 0.43233333333333335, 0.297, 0.4573333333333333, 0.4633333333333333, 0.4513333333333333, 0.31166666666666665, 0.46066666666666667, 0.4686666666666667, 0.384]], "epochs": [[500, 1000, 1500, 2000, 2500, 3000, 3500, 4000, 4500, 5000, 5500, 6000, 6500, 7000, 7500, 8000, 8500, 9000, 9500, 10000], [500, 1000, 1500, 2000, 2500, 3000, 3500, 4000, 4500, 5000, 5500, 6000, 6500, 7000, 7500, 8000, 8500, 9000, 9500, 10000], [500, 1000, 1500, 2000, 2500, 3000, 3500, 4000, 4500, 5000, 5500, 6000, 6500, 7000, 7500, 8000, 8500, 9000, 9500, 10000], [500, 1000, 1500, 2000, 2500, 3000, 3500, 4000, 4500, 5000, 5500, 6000, 6500, 7000, 7500, 8000, 8500, 9000, 9500, 10000], [500, 1000, 1500, 2000, 2500, 3000, 3500, 4000, 4500, 5000, 5500, 6000, 6500, 7000, 7500, 8000, 8500, 9000, 9500, 10000], [500, 1000, 1500, 2000, 2500, 3000, 3500, 4000, 4500, 5000, 5500, 6000, 6500, 7000, 7500, 8000, 8500, 9000, 9500, 10000]]}