{"train_err": [0.104, 0.08242857142857143, 0.073, 0.07185714285714286, 0.06428571428571428, 0.06857142857142857], "test_err": [0.14666666666666667, 0.124, 0.11766666666666667, 0.111, 0.11233333333333333, 0.113], "epochs": [5000, 10000, 15000, 20000, 25000, 30000]}