{"train_err": [[0.37285714285714283, 0.2978571428571429, 0.26057142857142856, 0.22385714285714287, 0.19614285714285715, 0.17314285714285715, 0.15428571428571428, 0.1362857142857143, 0.12257142857142857, 0.11328571428571428], [0.1977142857142857, 0.15771428571428572, 0.145, 0.12885714285714286, 0.11885714285714286, 0.10657142857142857, 0.09885714285714285, 0.091, 0.08428571428571428, 0.07885714285714286], [0.175, 0.152, 0.13685714285714284, 0.128, 0.11485714285714285, 0.10214285714285715, 0.09342857142857143, 0.08242857142857143, 0.07628571428571429, 0.07028571428571428], [0.2002857142857143, 0.15028571428571427, 0.13071428571428573, 0.122, 0.112, 0.11142857142857143, 0.10157142857142858, 0.09371428571428571, 0.091, 0.08528571428571428], [0.16957142857142857, 0.13242857142857142, 0.11228571428571428, 0.125, 0.11814285714285715, 0.11271428571428571, 0.12114285714285715, 0.11571428571428571, 0.11285714285714285, 0.11328571428571428], [0.2907142857142857, 0.31414285714285717, 0.343, 0.3395714285714286, 0.3417142857142857, 0.3384285714285714, 0.3482857142857143, 0.3514285714285714, 0.3535714285714286, 0.35385714285714287]], "test_err": [[0.41333333333333333, 0.3536666666666667, 0.3263333333333333, 0.301, 0.29133333333333333, 0.2816666666666667, 0.273, 0.266, 0.26266666666666666, 0.25166666666666665], [0.218, 0.197, 0.188, 0.18366666666666667, 0.17866666666666667, 0.17333333333333334, 0.165, 0.16233333333333333, 0.16166666666666665, 0.15966666666666668], [0.193, 0.17233333333333334, 0.16833333333333333, 0.16566666666666666, 0.16833333333333333, 0.166, 0.16, 0.15366666666666667, 0.14933333333333335, 0.14866666666666667], [0.193, 0.155, 0.14533333333333334, 0.14066666666666666, 0.13066666666666665, 0.134, 0.123, 0.11433333333333333, 0.10566666666666667, 0.101], [0.171, 0.14433333333333334, 0.125, 0.13533333333333333, 0.12466666666666666, 0.118, 0.12166666666666667, 0.10566666666666667, 0.102, 0.10233333333333333], [0.29833333333333334, 0.32966666666666666, 0.3486666666666667, 0.3446666666666667, 0.3546666666666667, 0.345, 0.351, 0.356, 0.36, 0.36133333333333334]], "epochs": [[500, 1000, 1500, 2000, 2500, 3000, 3500, 4000, 4500, 5000], [500, 1000, 1500, 2000, 2500, 3000, 3500, 4000, 4500, 5000], [500, 1000, 1500, 2000, 2500, 3000, 3500, 4000, 4500, 5000], [500, 1000, 1500, 2000, 2500, 3000, 3500, 4000, 4500, 5000], [500, 1000, 1500, 2000, 2500, 3000, 3500, 4000, 4500, 5000], [500, 1000, 1500, 2000, 2500, 3000, 3500, 4000, 4500, 5000]]}