{"train_err": [0.135, 0.14357142857142857, 0.10457142857142857, 0.11828571428571429, 0.10057142857142858, 0.127, 0.09428571428571429, 0.07985714285714286], "test_err": [0.147, 0.15266666666666667, 0.103, 0.13533333333333333, 0.10733333333333334, 0.14233333333333334, 0.10066666666666667, 0.09133333333333334], "epochs": [5000, 10000, 15000, 20000, 25000, 30000, 35000, 40000]}