{"train_err": [0.11228571428571428, 0.07557142857142857, 0.06885714285714285, 0.06914285714285714, 0.06557142857142857, 0.06642857142857143], "test_err": [0.144, 0.11633333333333333, 0.11533333333333333, 0.11866666666666667, 0.108, 0.10666666666666667], "epochs": [5000, 10000, 15000, 20000, 25000, 30000]}