{"train_err": [[0.17757142857142857, 0.13557142857142856, 0.11071428571428571, 0.112, 0.10642857142857143, 0.09928571428571428, 0.10357142857142858, 0.10328571428571429, 0.10114285714285715, 0.095, 0.1, 0.08971428571428572], [0.15914285714285714, 0.15128571428571427, 0.13328571428571429, 0.11071428571428571, 0.10471428571428572, 0.11042857142857143, 0.10914285714285714, 0.10842857142857143, 0.10785714285714286, 0.10457142857142857, 0.104, 0.10057142857142858], [0.17385714285714285, 0.13585714285714287, 0.11942857142857143, 0.11471428571428571, 0.11228571428571428, 0.09985714285714285, 0.10528571428571429, 0.10514285714285715, 0.10928571428571429, 0.11285714285714285, 0.11557142857142857, 0.10157142857142858], [0.15171428571428572, 0.13985714285714285, 0.12414285714285714, 0.11357142857142857, 0.11842857142857142, 0.109, 0.109, 0.11414285714285714, 0.11371428571428571, 0.10514285714285715, 0.10685714285714286, 0.118], [0.15028571428571427, 0.11842857142857142, 0.11042857142857143, 0.12214285714285714, 0.11828571428571429, 0.12771428571428572, 0.12328571428571429, 0.11285714285714285, 0.10928571428571429, 0.102, 0.11142857142857143, 0.11042857142857143], [0.16685714285714287, 0.1717142857142857, 0.12228571428571429, 0.12414285714285714, 0.1337142857142857, 0.11057142857142857, 0.112, 0.11485714285714285, 0.11157142857142857, 0.11471428571428571, 0.11585714285714285, 0.10442857142857143]], "test_err": [[0.183, 0.14566666666666667, 0.118, 0.11433333333333333, 0.114, 0.10666666666666667, 0.10766666666666666, 0.10466666666666667, 0.101, 0.09766666666666667, 0.10233333333333333, 0.088], [0.17566666666666667, 0.15066666666666667, 0.14166666666666666, 0.10566666666666667, 0.10466666666666667, 0.112, 0.111, 0.104, 0.10566666666666667, 0.108, 0.10966666666666666, 0.09566666666666666], [0.18333333333333332, 0.13533333333333333, 0.11866666666666667, 0.11433333333333333, 0.105, 0.09333333333333334, 0.09866666666666667, 0.10166666666666667, 0.11333333333333333, 0.11766666666666667, 0.10433333333333333, 0.09066666666666667], [0.15466666666666667, 0.155, 0.11333333333333333, 0.09866666666666667, 0.11933333333333333, 0.104, 0.113, 0.111, 0.123, 0.097, 0.09766666666666667, 0.09833333333333333], [0.152, 0.126, 0.11166666666666666, 0.11933333333333333, 0.11733333333333333, 0.11766666666666667, 0.113, 0.09966666666666667, 0.109, 0.09033333333333333, 0.10666666666666667, 0.10966666666666666], [0.15566666666666668, 0.17733333333333334, 0.132, 0.12666666666666668, 0.14033333333333334, 0.11466666666666667, 0.10966666666666666, 0.11233333333333333, 0.11166666666666666, 0.11966666666666667, 0.12166666666666667, 0.10766666666666666]], "epochs": [[500, 1000, 1500, 2000, 2500, 3000, 3500, 4000, 4500, 5000, 5500, 6000], [500, 1000, 1500, 2000, 2500, 3000, 3500, 4000, 4500, 5000, 5500, 6000], [500, 1000, 1500, 2000, 2500, 3000, 3500, 4000, 4500, 5000, 5500, 6000], [500, 1000, 1500, 2000, 2500, 3000, 3500, 4000, 4500, 5000, 5500, 6000], [500, 1000, 1500, 2000, 2500, 3000, 3500, 4000, 4500, 5000, 5500, 6000], [500, 1000, 1500, 2000, 2500, 3000, 3500, 4000, 4500, 5000, 5500, 6000]]}